dataset,layer,num_rows,query_position_mode,mean_prev_loop_mass,mean_last_prev_loop_mass,mean_prompt_mass,mean_current_trigger_mass,mean_recent_nonloop_mass,mean_other_completion_mass,top1_fraction_previous_loop,top1_fraction_last_previous_loop,top1_fraction_prompt,top1_fraction_current_trigger,top1_fraction_recent_nonloop,top1_fraction_other_completion
aime,0,30,trigger_start,0.2601290025437872,0.13130880834845204,0.000985615780155058,0.23012782062093418,0.2772968754793207,0.23146069124341012,0.22291666666666668,0.21458333333333332,0.0,0.42916666666666664,0.33958333333333335,0.008333333333333333
aime,1,30,trigger_start,0.3133640697536369,0.16455178108687202,0.006278245399395625,0.06544035679350296,0.3466494110490506,0.2682679091890653,0.32708333333333334,0.26458333333333334,0.008333333333333333,0.15416666666666667,0.4270833333333333,0.08333333333333333
aime,2,30,trigger_start,0.31854776963591575,0.15413489158575733,0.005070732020734188,0.06873156726360322,0.3121863748024528,0.2954635575413704,0.36041666666666666,0.25416666666666665,0.0020833333333333333,0.16875,0.41041666666666665,0.058333333333333334
aime,3,30,trigger_start,0.14699468649923803,0.055547388185126084,0.5554619659980138,0.010767729751144846,0.11849870449708154,0.16827692712346712,0.06041666666666667,0.029166666666666667,0.85625,0.0,0.058333333333333334,0.025
aime,4,30,trigger_start,0.14753150350103775,0.08569291760989775,0.47853322128454845,0.07536298210422197,0.1767223575928559,0.12184995537002881,0.06041666666666667,0.04583333333333333,0.7458333333333333,0.07916666666666666,0.09375,0.020833333333333332
aime,5,30,trigger_start,0.15164480108457307,0.1078525049398498,0.5415191352367401,0.04333499812831481,0.21155354824538034,0.05194752514362335,0.04375,0.04375,0.8791666666666667,0.01875,0.058333333333333334,0.0
aime,6,30,trigger_start,0.3164437449226777,0.10726314339941988,0.2557769015431404,0.029841155838221313,0.1746778755215928,0.22326032270987828,0.20416666666666666,0.1125,0.6020833333333333,0.058333333333333334,0.08541666666666667,0.05
aime,7,30,trigger_start,0.1908324781184395,0.11792825101874768,0.3521056999762853,0.05266245286911726,0.2517141434519241,0.1526852324604988,0.0625,0.06041666666666667,0.8041666666666667,0.03958333333333333,0.08958333333333333,0.004166666666666667
aime,8,30,trigger_start,0.21635322278986374,0.06263409950770438,0.3527211790283521,0.011885796363155047,0.14907367842970415,0.26996613343556725,0.09166666666666666,0.029166666666666667,0.8375,0.00625,0.03125,0.03333333333333333
aime,9,30,trigger_start,0.16715696019430956,0.07498915918016186,0.3437539279460907,0.08446151452759902,0.1497260976737986,0.25490149756272634,0.052083333333333336,0.0375,0.725,0.14375,0.03333333333333333,0.04583333333333333
aime,10,30,trigger_start,0.21646984725569685,0.12052969496386746,0.30027405818303426,0.053841311717405915,0.2661541211263587,0.16326066926121713,0.03333333333333333,0.03125,0.8375,0.05625,0.06875,0.004166666666666667
aime,11,30,trigger_start,0.26956633776426314,0.0803572687630852,0.20787689487139385,0.074092564980189,0.15343929076722512,0.29502492435276506,0.16458333333333333,0.07916666666666666,0.6354166666666666,0.07083333333333333,0.07708333333333334,0.052083333333333336
aime,12,30,trigger_start,0.2627909994373719,0.10396690629422664,0.2379581632713477,0.016300847509410233,0.22673594371105235,0.2562140497068564,0.07916666666666666,0.05416666666666667,0.775,0.03125,0.08958333333333333,0.025
aime,13,30,trigger_start,0.2888510383665562,0.09118653815239668,0.15010582332809766,0.021756929097076258,0.19263921480936308,0.3466470015545686,0.12916666666666668,0.06666666666666667,0.5916666666666667,0.06875,0.12916666666666668,0.08125
aime,14,30,trigger_start,0.27827205999443927,0.09259960670024156,0.19077210376660028,0.03314511524513364,0.20422633630223572,0.29358437955379485,0.07083333333333333,0.04375,0.7270833333333333,0.06666666666666667,0.08541666666666667,0.05
aime,15,30,trigger_start,0.24667388883729777,0.11553021703536312,0.2993640755613645,0.021937317820265888,0.2526839102618396,0.17934079691767693,0.052083333333333336,0.052083333333333336,0.8458333333333333,0.0020833333333333333,0.1,0.0
aime,16,30,trigger_start,0.28067318312823775,0.08263112778464952,0.24873922839760781,0.012539333508660397,0.16526639425816636,0.29278186659018196,0.13125,0.07708333333333334,0.6229166666666667,0.035416666666666666,0.12291666666666666,0.0875
aime,17,30,trigger_start,0.27850638243059317,0.11185726674739271,0.18392502292990684,0.021446970788141093,0.20472446208198866,0.3113971615831057,0.11041666666666666,0.10416666666666667,0.6791666666666667,0.05416666666666667,0.11458333333333333,0.041666666666666664
aime,18,30,trigger_start,0.2766353232165178,0.10628086229165395,0.2802152906854947,0.025095798385639984,0.1829335563389274,0.23512003322442374,0.12083333333333333,0.06666666666666667,0.7604166666666666,0.010416666666666666,0.09583333333333334,0.0125
aime,19,30,trigger_start,0.2363963154455026,0.10389075196969012,0.3146381641427676,0.04383679907768965,0.18322384578253453,0.22190487384796143,0.11041666666666666,0.09583333333333334,0.6729166666666667,0.07916666666666666,0.1125,0.025
aime,20,30,trigger_start,0.21066725651423138,0.0833267017112424,0.41168916622797647,0.013077617793654402,0.1219370468131577,0.2426289220650991,0.1125,0.09375,0.7895833333333333,0.0,0.07916666666666666,0.01875
aime,21,30,trigger_start,0.18434788398444651,0.04401560475428899,0.4706876873970032,0.008596954001889874,0.07630366041945914,0.2600638200839361,0.0875,0.04375,0.8875,0.0020833333333333333,0.0125,0.010416666666666666
aime,22,30,trigger_start,0.14065669340391954,0.05412217110084991,0.4992996573448181,0.03722579777240753,0.11413692644952486,0.20868094339966775,0.025,0.022916666666666665,0.9375,0.022916666666666665,0.014583333333333334,0.0
aime,23,30,trigger_start,0.13614720416565737,0.051808549005848664,0.5663224001725514,0.055711201826731366,0.08539227118405203,0.15642693291107815,0.03333333333333333,0.027083333333333334,0.8458333333333333,0.09375,0.027083333333333334,0.0
aime,24,30,trigger_start,0.13203245190282661,0.045418095247199135,0.5792239606380463,0.03890194656948249,0.07707898283066848,0.17276267210642496,0.03125,0.03125,0.9104166666666667,0.03333333333333333,0.025,0.0
aime,25,30,trigger_start,0.12431296358505885,0.03261336371457825,0.5698646823565165,0.027625076736633978,0.05548512281384319,0.22271216462055843,0.04375,0.020833333333333332,0.8958333333333334,0.025,0.00625,0.029166666666666667
aime,26,30,trigger_start,0.0991938238342603,0.023348919954150914,0.5357984473307927,0.062075114560623965,0.044038643513340504,0.2588939900199572,0.004166666666666667,0.004166666666666667,0.9,0.06458333333333334,0.0020833333333333333,0.029166666666666667
aime,27,30,trigger_start,0.08337622360947232,0.045621298835612833,0.6081618984540303,0.0899944784740607,0.08288050478246684,0.1355869064728419,0.025,0.025,0.85,0.09375,0.016666666666666666,0.014583333333333334
gpqa,0,121,trigger_start,0.14443424573429853,0.06673045291708232,0.004315636442321899,0.2431200529056147,0.4031827658749655,0.2049472972996964,0.07541322314049587,0.07128099173553719,0.0,0.41787190082644626,0.4989669421487603,0.007747933884297521
gpqa,1,121,trigger_start,0.17394968657946783,0.07520768669056745,0.020020551333003792,0.07117769211407535,0.4650297734043599,0.26982229677113617,0.15392561983471073,0.11002066115702479,0.07024793388429752,0.15547520661157024,0.5852272727272727,0.03512396694214876
gpqa,2,121,trigger_start,0.19691219639556468,0.08262365977837866,0.014887356008826331,0.09103141183202917,0.43617233164196695,0.26099670469021996,0.20299586776859505,0.12758264462809918,0.002066115702479339,0.19989669421487602,0.5320247933884298,0.06301652892561983
gpqa,3,121,trigger_start,0.09933049260246113,0.03215939375670042,0.5535560568009527,0.012653983361665006,0.16845979020942373,0.1659996773401075,0.04855371900826446,0.028409090909090908,0.868801652892562,0.0005165289256198347,0.06043388429752066,0.02169421487603306
gpqa,4,121,trigger_start,0.07813992851975658,0.039467490070128106,0.4925308500932268,0.08071181535228225,0.23103771494842934,0.11757969700785215,0.030475206611570247,0.02221074380165289,0.7417355371900827,0.08057851239669421,0.13016528925619836,0.017045454545454544
gpqa,5,121,trigger_start,0.06701598345294349,0.04585660803019914,0.5598240711472251,0.05017202975197641,0.27265073719082306,0.05033717875576709,0.011880165289256199,0.010330578512396695,0.8915289256198347,0.03202479338842975,0.06456611570247933,0.0
gpqa,6,121,trigger_start,0.22842702558956857,0.0635263392247629,0.27803489886039545,0.03607938328588551,0.24149588909537015,0.21596280654722994,0.1828512396694215,0.07747933884297521,0.5981404958677686,0.05475206611570248,0.11776859504132231,0.04648760330578512
gpqa,7,121,trigger_start,0.09833705628844948,0.05200888995876851,0.3562616564271864,0.056002627673351076,0.34420258401554416,0.14519607571284632,0.024793388429752067,0.02221074380165289,0.7923553719008265,0.06043388429752066,0.11621900826446281,0.006198347107438017
gpqa,8,121,trigger_start,0.14987471755132203,0.03989307180986055,0.36569275085098485,0.012432710896342345,0.21447683174994367,0.25752299386730865,0.05475206611570248,0.01962809917355372,0.8409090909090909,0.0046487603305785125,0.06301652892561983,0.03667355371900827
gpqa,9,121,trigger_start,0.0909053124583611,0.03541354782995287,0.36248744691699003,0.08772698971481363,0.21663570491027487,0.24224454552427796,0.027892561983471075,0.012913223140495868,0.7453512396694215,0.13739669421487602,0.061466942148760334,0.027892561983471075
gpqa,10,121,trigger_start,0.10534348853763716,0.05495838019580769,0.32087537399993454,0.05630621569585209,0.361611821246141,0.15586310024719593,0.017045454545454544,0.012396694214876033,0.8238636363636364,0.058884297520661155,0.09297520661157024,0.007231404958677686
gpqa,11,121,trigger_start,0.1744802775446418,0.04354758308223864,0.2262283823460587,0.07698021807576999,0.21871049762588024,0.30360062291060597,0.10588842975206611,0.04493801652892562,0.6456611570247934,0.07696280991735537,0.11570247933884298,0.05578512396694215
gpqa,12,121,trigger_start,0.15309325476323277,0.05787462427127868,0.23253188688646664,0.017892909424825888,0.32806164191743314,0.26842030685795243,0.03667355371900827,0.019111570247933883,0.7918388429752066,0.03254132231404959,0.11621900826446281,0.022727272727272728
gpqa,13,121,trigger_start,0.16849469830674574,0.051296775206184586,0.1724019545045766,0.02525602681331398,0.2956515283993453,0.3381957916065681,0.07179752066115702,0.03925619834710744,0.6162190082644629,0.06611570247933884,0.1771694214876033,0.06869834710743801
gpqa,14,121,trigger_start,0.15180942127558072,0.0476221316383405,0.21111398288780006,0.03549839326850146,0.29308103728069623,0.3084971656607202,0.03305785123966942,0.01962809917355372,0.7401859504132231,0.06663223140495868,0.11880165289256199,0.04132231404958678
gpqa,15,121,trigger_start,0.12759582358143054,0.05720064117455824,0.2986926590361871,0.023288874263482646,0.35776810226038347,0.19265453951541056,0.013946280991735538,0.013946280991735538,0.8383264462809917,0.0015495867768595042,0.14359504132231404,0.0025826446280991736
gpqa,16,121,trigger_start,0.18128065272303653,0.044248582765196394,0.2789352174140205,0.013675647027682791,0.21487441433647508,0.31123407172762657,0.07076446280991736,0.02634297520661157,0.6771694214876033,0.03667355371900827,0.12241735537190082,0.09297520661157024
gpqa,17,121,trigger_start,0.14495755136320906,0.05126495917533594,0.21684540962138452,0.024517541035455614,0.277694417140639,0.3359850818706938,0.03512396694214876,0.0253099173553719,0.6807851239669421,0.06353305785123967,0.18491735537190082,0.035640495867768594
gpqa,18,121,trigger_start,0.17868798749505982,0.052254386262800774,0.2935291400625686,0.027548010676545054,0.2534453460815832,0.24678952012919197,0.06714876033057851,0.030475206611570247,0.7887396694214877,0.007747933884297521,0.11776859504132231,0.01859504132231405
gpqa,19,121,trigger_start,0.14720265452234335,0.051731126897194814,0.3318653077133431,0.04581505916089066,0.2385989030109226,0.23651807354994056,0.058884297520661155,0.038223140495867766,0.7035123966942148,0.08574380165289257,0.12448347107438017,0.02737603305785124
gpqa,20,121,trigger_start,0.1280956488441337,0.04056453874453995,0.42258139607334927,0.012976375433485492,0.16484454458710268,0.27150204266644706,0.05630165289256198,0.04183884297520661,0.7871900826446281,0.0010330578512396695,0.11673553719008264,0.038739669421487606
gpqa,21,121,trigger_start,0.12472779501598975,0.02676835844715603,0.4917354022175813,0.00992746041387258,0.10590859210938369,0.2677007513967427,0.04493801652892562,0.01652892561983471,0.9142561983471075,0.003615702479338843,0.017045454545454544,0.020144628099173553
gpqa,22,121,trigger_start,0.10009925124381693,0.03419383624010558,0.49362554653616975,0.03367882956219606,0.1648383008504733,0.20775807544219593,0.019111570247933883,0.01652892561983471,0.9163223140495868,0.013946280991735538,0.047520661157024795,0.0030991735537190084
gpqa,23,121,trigger_start,0.08696244493096082,0.024966075961585812,0.5891882907753149,0.04858461059322042,0.11538050288511517,0.15988415067107226,0.01756198347107438,0.01084710743801653,0.8589876033057852,0.08987603305785125,0.03254132231404959,0.0010330578512396695
gpqa,24,121,trigger_start,0.0796026877504735,0.02088266463607765,0.6007363645991018,0.041147775216843964,0.10825964922907047,0.1702535232482863,0.009297520661157025,0.006714876033057851,0.9235537190082644,0.02634297520661157,0.03977272727272727,0.0010330578512396695
gpqa,25,121,trigger_start,0.082372634379147,0.01852048300100829,0.5698852100648171,0.029658143327779267,0.08842783898388397,0.22965618087486786,0.01859504132231405,0.005165289256198347,0.9204545454545454,0.020144628099173553,0.02169421487603306,0.019111570247933883
gpqa,26,121,trigger_start,0.07463546868506049,0.014740584093465446,0.5303022107802147,0.06497732992476422,0.07225459976812579,0.2578303927848162,0.0025826446280991736,0.0010330578512396695,0.8951446280991735,0.07231404958677685,0.0030991735537190084,0.026859504132231406
gpqa,27,121,trigger_start,0.040396128107662785,0.017119710862805896,0.6510388314231368,0.09982188606311466,0.1103141396864479,0.09842901716917014,0.0030991735537190084,0.0030991735537190084,0.8533057851239669,0.11466942148760331,0.02634297520661157,0.0025826446280991736
livecodebench,0,462,trigger_start,0.20467091929641235,0.09694178131321993,0.004352147603199366,0.20784399655216185,0.33683088376855547,0.24630205579972886,0.170995670995671,0.1490800865800866,0.002976190476190476,0.38311688311688313,0.43438852813852813,0.008522727272727272
livecodebench,1,462,trigger_start,0.25307720477664564,0.128800966984162,0.023152978256248034,0.06738021154585597,0.40178714438280577,0.2546024625693565,0.25960497835497837,0.19642857142857142,0.0872564935064935,0.1340638528138528,0.49959415584415584,0.01948051948051948
livecodebench,2,462,trigger_start,0.2645461454673053,0.11908920907296515,0.01031540023645253,0.07329349870515334,0.35070471469581516,0.30114024077659046,0.3033008658008658,0.20684523809523808,0.0027056277056277055,0.1701839826839827,0.45806277056277056,0.06574675324675325
livecodebench,3,462,trigger_start,0.1387039710771599,0.05317520766257706,0.5360951470735269,0.010676189869525338,0.1399284083147617,0.17459629005974248,0.08428030303030302,0.04383116883116883,0.8484848484848485,0.00027056277056277056,0.053841991341991344,0.013122294372294372
livecodebench,4,462,trigger_start,0.12233877463696638,0.06301649269332668,0.48128095133738086,0.07742710363974561,0.1935318629660551,0.12542131319803335,0.05451839826839827,0.04220779220779221,0.7486471861471862,0.08252164502164502,0.10538419913419914,0.008928571428571428
livecodebench,5,462,trigger_start,0.11914608322276211,0.0825700240917695,0.552766134083529,0.044820066295499665,0.22963350498513369,0.0536342194360314,0.033685064935064936,0.03233225108225108,0.8823051948051948,0.025838744588744588,0.05817099567099567,0.0
livecodebench,6,462,trigger_start,0.27957757673673816,0.0801752513896692,0.2634211348377781,0.03195284417068416,0.18716710330706768,0.23788134640816486,0.21171536796536797,0.09131493506493507,0.6141774891774892,0.05357142857142857,0.07873376623376624,0.04180194805194805
livecodebench,7,462,trigger_start,0.15406485422044686,0.0838415548757372,0.3667823626494511,0.050682964936318076,0.2731983332183652,0.15527148564946858,0.04071969696969697,0.03787878787878788,0.8210227272727273,0.049783549783549784,0.08658008658008658,0.001893939393939394
livecodebench,8,462,trigger_start,0.19337192505348103,0.049852890325914286,0.34959405138121025,0.010252321082030249,0.1710323712322861,0.2757493337027696,0.07061688311688312,0.023268398268398268,0.8518668831168831,0.004058441558441558,0.04450757575757576,0.028950216450216452
livecodebench,9,462,trigger_start,0.13651520533999226,0.05418703276699611,0.3597276468813677,0.07959805645887212,0.1662007564050347,0.2579583374872094,0.03896103896103896,0.023674242424242424,0.7596049783549783,0.12675865800865802,0.04788961038961039,0.026785714285714284
livecodebench,10,462,trigger_start,0.17353607007167282,0.08401213271703517,0.31830662001908083,0.05056100767065501,0.2911951585359835,0.16640114745536408,0.028950216450216452,0.023403679653679652,0.8357683982683982,0.05776515151515151,0.07548701298701299,0.002029220779220779
livecodebench,11,462,trigger_start,0.21117015316421206,0.05513239963971949,0.23460221011594776,0.07211574831437238,0.16302536051256483,0.3190865334429782,0.11972402597402597,0.04816017316017316,0.6617965367965368,0.07724567099567099,0.09036796536796536,0.050865800865800864
livecodebench,12,462,trigger_start,0.20083885223431375,0.07021848650734108,0.23540065510125904,0.015950379253907365,0.2519448133438369,0.2958653024055096,0.05478896103896104,0.03233225108225108,0.8041125541125541,0.025703463203463204,0.09334415584415584,0.0220508658008658
livecodebench,13,462,trigger_start,0.2251937146504204,0.06305921748502269,0.16592540938681338,0.02094111425194333,0.2189923163883081,0.3689474473219542,0.08685064935064934,0.042884199134199136,0.6505681818181818,0.06277056277056277,0.1266233766233766,0.07318722943722944
livecodebench,14,462,trigger_start,0.2020454573328103,0.06083793526019465,0.20877970198725726,0.03143516855890907,0.22082339302521464,0.3369162835954846,0.05045995670995671,0.027597402597402596,0.7532467532467533,0.06764069264069264,0.08847402597402597,0.04017857142857143
livecodebench,15,462,trigger_start,0.17854761291150148,0.07493051636174247,0.3084295464607028,0.020842100939616658,0.27970030652483857,0.21248043638158154,0.025974025974025976,0.025162337662337664,0.8505140692640693,0.002029220779220779,0.11985930735930736,0.0016233766233766235
livecodebench,16,462,trigger_start,0.2309134864869217,0.05545509167667428,0.2637389251776846,0.01242360096143607,0.16743888235415985,0.32548511155691495,0.09604978354978355,0.037743506493506496,0.6819534632034632,0.03706709956709957,0.10037878787878787,0.08455086580086581
livecodebench,17,462,trigger_start,0.19990146635664682,0.07049519248867157,0.20474525995036483,0.022301943009130624,0.21301670996832572,0.36003462526769864,0.058306277056277056,0.046942640692640696,0.6818181818181818,0.06520562770562771,0.15652056277056278,0.03814935064935065
livecodebench,18,462,trigger_start,0.2279351723069946,0.06818314282445578,0.3021760816439922,0.023342717296314864,0.19974812345294024,0.24679790982307293,0.09131493506493507,0.04599567099567099,0.7827380952380952,0.008252164502164502,0.10078463203463203,0.01691017316017316
livecodebench,19,462,trigger_start,0.1965527815272572,0.07618793823178736,0.314251772511057,0.04234880280733366,0.20457443699580355,0.24227221086782552,0.09172077922077922,0.06764069264069264,0.6789772727272727,0.08292748917748918,0.12107683982683982,0.025297619047619048
livecodebench,20,462,trigger_start,0.16931888426037192,0.06126662279031687,0.401333228011668,0.012086838103318788,0.14142103165908954,0.2758400212828215,0.08468614718614718,0.06452922077922078,0.7789502164502164,0.0016233766233766235,0.10403138528138528,0.03070887445887446
livecodebench,21,462,trigger_start,0.15748141110911,0.0335296833086648,0.4542626431494048,0.008647317665370052,0.09012625091503201,0.2894823865247366,0.07088744588744589,0.03354978354978355,0.8977272727272727,0.0025703463203463205,0.015422077922077922,0.013392857142857142
livecodebench,22,462,trigger_start,0.129511948288882,0.043487608044183244,0.4661508860526147,0.03295347174161892,0.13616659179753451,0.23521710748409297,0.023268398268398268,0.019886363636363636,0.9223484848484849,0.015286796536796536,0.03612012987012987,0.002976190476190476
livecodebench,23,462,trigger_start,0.11826546432740696,0.03650465775809091,0.55347165187974,0.047203291727641185,0.10012514477411615,0.18093445584645648,0.031114718614718616,0.021645021645021644,0.8398268398268398,0.08671536796536797,0.03422619047619048,0.008116883116883116
livecodebench,24,462,trigger_start,0.11369726764873775,0.0328199642720026,0.558636455889388,0.035401589270919014,0.09614275529426553,0.19612194388879067,0.027056277056277056,0.022186147186147188,0.9011093073593074,0.033279220779220776,0.033685064935064936,0.00487012987012987
livecodebench,25,462,trigger_start,0.10854751258600681,0.023691004419722494,0.5595075530665261,0.023744053559355615,0.06723959885010479,0.24096129276664743,0.03571428571428571,0.012445887445887446,0.9104437229437229,0.016639610389610388,0.009604978354978354,0.027597402597402596
livecodebench,26,462,trigger_start,0.08326748256305498,0.017898607611444777,0.5299156689411634,0.06491581086085473,0.059632622054746544,0.26226842022819435,0.002976190476190476,0.001488095238095238,0.8997564935064936,0.07115800865800866,0.004734848484848485,0.021374458874458876
livecodebench,27,462,trigger_start,0.07056188581597556,0.03188779632738493,0.6151544864559586,0.09388619235785299,0.09755589675645342,0.12284155345614596,0.027867965367965368,0.025838744588744588,0.8222402597402597,0.1121482683982684,0.027867965367965368,0.009875541125541126
math500,0,68,trigger_start,0.20629411040093093,0.09766068014655235,0.0017841213724857558,0.23637534919030526,0.33562130834359455,0.2199251084752819,0.17555147058823528,0.15900735294117646,0.0,0.3943014705882353,0.421875,0.008272058823529412
math500,1,68,trigger_start,0.2659635103157009,0.13165703883072744,0.008067880902672186,0.05944071304710472,0.4001217684845495,0.26640612267724734,0.2702205882352941,0.20404411764705882,0.006433823529411764,0.11672794117647059,0.5174632352941176,0.08915441176470588
math500,2,68,trigger_start,0.26538991433677867,0.12795592217897886,0.006340585445286706,0.08125707140082822,0.3680604045443675,0.2789520270136349,0.3023897058823529,0.20863970588235295,0.003676470588235294,0.19301470588235295,0.4411764705882353,0.05974264705882353
math500,3,68,trigger_start,0.13630983699797927,0.05366159745308858,0.5561360909658319,0.011141832616618452,0.1360533794196432,0.16035885873305447,0.06893382352941177,0.03308823529411765,0.8676470588235294,0.0,0.05238970588235294,0.011029411764705883
math500,4,68,trigger_start,0.12559239156818128,0.06505605599758223,0.494532725390266,0.0746002111255246,0.1925341976559995,0.11274049054447781,0.06893382352941177,0.046875,0.734375,0.07077205882352941,0.1130514705882353,0.012867647058823529
math500,5,68,trigger_start,0.12813942705329015,0.08652134835521043,0.5644066811484449,0.04760509319877362,0.2115065388223978,0.04834225994486855,0.03952205882352941,0.03952205882352941,0.8851102941176471,0.021139705882352942,0.05422794117647059,0.0
math500,6,68,trigger_start,0.29246934445794015,0.08925696732416434,0.28502026879612136,0.03459106299423558,0.19276055849759893,0.1951587774229291,0.21966911764705882,0.10386029411764706,0.6047794117647058,0.058823529411764705,0.08547794117647059,0.03125
math500,7,68,trigger_start,0.16070773084784912,0.08762048871229876,0.38171493985197125,0.05130057253272218,0.26858305713326175,0.1376937024624032,0.04411764705882353,0.03952205882352941,0.8088235294117647,0.035845588235294115,0.109375,0.001838235294117647
math500,8,68,trigger_start,0.20221976055215826,0.059089741073394715,0.36003169285900455,0.011880670295795426,0.18629456837387645,0.2395733114989365,0.0744485294117647,0.02849264705882353,0.8308823529411765,0.006433823529411764,0.05514705882352941,0.03308823529411765
math500,9,68,trigger_start,0.15267110118122004,0.06597573015246513,0.35767464646521735,0.08199006423135013,0.18027178847285755,0.2273924039567218,0.04871323529411765,0.03400735294117647,0.7380514705882353,0.125,0.06341911764705882,0.024816176470588234
math500,10,68,trigger_start,0.17602639085859717,0.08733164987728849,0.3370764838422046,0.051562167457578814,0.28992957582094653,0.14540538169881878,0.03676470588235294,0.02665441176470588,0.84375,0.05238970588235294,0.06525735294117647,0.001838235294117647
math500,11,68,trigger_start,0.24900837527478442,0.0727465083644561,0.22235689016387744,0.07936797411564518,0.19468767993042574,0.25457908759605796,0.14338235294117646,0.06893382352941177,0.6314338235294118,0.07536764705882353,0.11213235294117647,0.03768382352941176
math500,12,68,trigger_start,0.22575123601264374,0.08301575706847121,0.26085983348243375,0.01781451003625989,0.27666708772235055,0.2189073358552859,0.06341911764705882,0.03308823529411765,0.7867647058823529,0.029411764705882353,0.10018382352941177,0.02022058823529412
math500,13,68,trigger_start,0.2620699565090677,0.0787500335059389,0.16481725542860873,0.023988482460160467,0.25206579952774677,0.2970585064168143,0.12040441176470588,0.07261029411764706,0.6029411764705882,0.06158088235294118,0.1645220588235294,0.050551470588235295
math500,14,68,trigger_start,0.2339724537861698,0.07389151176603799,0.22361279892570832,0.03357507607570904,0.2471600325011155,0.26167964219006107,0.07720588235294118,0.03952205882352941,0.7224264705882353,0.06709558823529412,0.10386029411764706,0.029411764705882353
math500,15,68,trigger_start,0.19048640955075183,0.08501219958056669,0.3242978580734309,0.02142031940713744,0.29570001067922397,0.16809540852794752,0.034926470588235295,0.03308823529411765,0.8363970588235294,0.0,0.12591911764705882,0.0027573529411764708
math500,16,68,trigger_start,0.254492479349103,0.06879016553199001,0.28357604628100114,0.014237741326831062,0.18654436886529713,0.2611493735081133,0.10661764705882353,0.04871323529411765,0.6626838235294118,0.03308823529411765,0.11948529411764706,0.078125
math500,17,68,trigger_start,0.22264068990069277,0.08174303984731737,0.22942915920387297,0.022570640889599043,0.23150960125905626,0.29384991325273674,0.06985294117647059,0.05974264705882353,0.6856617647058824,0.04779411764705882,0.16727941176470587,0.029411764705882353
math500,18,68,trigger_start,0.2282086718991837,0.07132251309967079,0.3078828859416878,0.025584846454234245,0.21403989699833534,0.2242837045889567,0.0900735294117647,0.03952205882352941,0.7941176470588235,0.004595588235294118,0.10018382352941177,0.011029411764705883
math500,19,68,trigger_start,0.20536617956617298,0.07928576498670736,0.3425684409106479,0.04642917618484182,0.19671045531354406,0.2089257497299353,0.10018382352941177,0.07261029411764706,0.6801470588235294,0.08547794117647059,0.11488970588235294,0.019301470588235295
math500,20,68,trigger_start,0.17825700939797304,0.06881102483160195,0.43620021290638866,0.012754465871052268,0.146273253732087,0.22651506511165814,0.09650735294117647,0.07628676470588236,0.7913602941176471,0.0,0.0900735294117647,0.022058823529411766
math500,21,68,trigger_start,0.1655225773643264,0.03914126810238539,0.49918364295188117,0.009849866922355859,0.09158402230070137,0.23385990164516604,0.07169117647058823,0.03676470588235294,0.9034926470588235,0.001838235294117647,0.013786764705882353,0.009191176470588236
math500,22,68,trigger_start,0.12725007380632794,0.04329609954626957,0.5221170953967992,0.034487031975432354,0.12397311600472997,0.19217270081314972,0.027573529411764705,0.01838235294117647,0.9246323529411765,0.021139705882352942,0.02297794117647059,0.003676470588235294
math500,23,68,trigger_start,0.1167713487863212,0.042896657435716516,0.591324104105725,0.047131904839154554,0.11273082492270452,0.13204183124060578,0.03216911764705882,0.02665441176470588,0.8400735294117647,0.07720588235294118,0.04963235294117647,0.0009191176470588235
math500,24,68,trigger_start,0.11554115780574434,0.03606951055724708,0.6165272698682898,0.030080340027994038,0.0901877443470499,0.147663498762995,0.03400735294117647,0.029411764705882353,0.9154411764705882,0.014705882352941176,0.03400735294117647,0.001838235294117647
math500,25,68,trigger_start,0.10863673259668491,0.024766347573484594,0.6112375066560858,0.021745427415761,0.07066161873038201,0.1877187243799734,0.04411764705882353,0.017463235294117647,0.8915441176470589,0.016544117647058824,0.02297794117647059,0.024816176470588234
math500,26,68,trigger_start,0.08688980105387814,0.018011494191074128,0.5596380650120623,0.060720439479850674,0.060382592060384065,0.23236910576986916,0.006433823529411764,0.0027573529411764708,0.8943014705882353,0.0661764705882353,0.007352941176470588,0.025735294117647058
math500,27,68,trigger_start,0.06978730608791332,0.03515513941773166,0.6214169561862946,0.0881902231451343,0.10638287350165603,0.11422264745787662,0.02297794117647059,0.02297794117647059,0.8327205882352942,0.08915441176470588,0.04503676470588235,0.01011029411764706
mmlu_pro,0,130,trigger_start,0.11043334348986929,0.044086125387380326,0.0034089699950597538,0.16885713527982052,0.4892751612718432,0.22802539089551338,0.03461538461538462,0.03413461538461538,0.0,0.35192307692307695,0.6110576923076924,0.002403846153846154
mmlu_pro,1,130,trigger_start,0.12772996780964044,0.04484340644513185,0.016161655245993573,0.06388407873992737,0.5261939462885493,0.26603035462590363,0.09038461538461538,0.04855769230769231,0.06682692307692308,0.13701923076923078,0.6798076923076923,0.025961538461538463
mmlu_pro,2,130,trigger_start,0.15196304589223403,0.050704714483939685,0.01101371364471001,0.07751193413367638,0.4690512919767151,0.2904600136555158,0.14182692307692307,0.06923076923076923,0.0009615384615384616,0.19615384615384615,0.5942307692307692,0.06682692307692308
mmlu_pro,3,130,trigger_start,0.08178697057211629,0.020009531622501808,0.5541939792724756,0.00970121049680389,0.17992753959484756,0.17439030351547094,0.04567307692307692,0.01826923076923077,0.86875,0.0,0.06634615384615385,0.019230769230769232
mmlu_pro,4,130,trigger_start,0.05181998019464887,0.021243087964383168,0.5012502294320327,0.07467426242163548,0.24994495012226534,0.12231058489817839,0.012980769230769231,0.005288461538461539,0.7615384615384615,0.07403846153846154,0.13990384615384616,0.011538461538461539
mmlu_pro,5,130,trigger_start,0.039765146032620505,0.025205441994162706,0.5597602541630085,0.04653905108571053,0.2999105799750676,0.05402497137681796,0.0028846153846153848,0.0028846153846153848,0.8980769230769231,0.03701923076923077,0.06201923076923077,0.0
mmlu_pro,6,130,trigger_start,0.21011177755605717,0.04758052912612374,0.26756309121847155,0.04092490087764768,0.24383687455556355,0.23756335480855062,0.18125,0.05625,0.6221153846153846,0.06153846153846154,0.08701923076923077,0.04807692307692308
mmlu_pro,7,130,trigger_start,0.06348418631375982,0.029163236029741642,0.36945115878031803,0.0548704118682788,0.35304128504044807,0.1591529579116748,0.008653846153846154,0.007692307692307693,0.8144230769230769,0.06298076923076923,0.11057692307692307,0.0033653846153846156
mmlu_pro,8,130,trigger_start,0.12253738002708325,0.02730933553001915,0.37544507613548866,0.012082218523405922,0.21599222110481395,0.27394310316214193,0.041826923076923074,0.006730769230769231,0.8576923076923076,0.004326923076923077,0.057692307692307696,0.038461538461538464
mmlu_pro,9,130,trigger_start,0.06907607276852314,0.023924582846946298,0.3704094907412162,0.08200681559168375,0.22107400514427214,0.25743361906363416,0.011538461538461539,0.00625,0.7740384615384616,0.13173076923076923,0.05432692307692308,0.028365384615384615
mmlu_pro,10,130,trigger_start,0.07613485506019341,0.03842738612259452,0.3261727407574654,0.05379024720392548,0.3807942320588224,0.16310792828981693,0.006730769230769231,0.005288461538461539,0.8394230769230769,0.0673076923076923,0.08413461538461539,0.002403846153846154
mmlu_pro,11,130,trigger_start,0.150541123160376,0.032490850601775145,0.23922878635617403,0.07681110905340084,0.21208803922323008,0.32133094381827576,0.07884615384615384,0.026442307692307692,0.7043269230769231,0.08461538461538462,0.09134615384615384,0.040865384615384616
mmlu_pro,12,130,trigger_start,0.12066022180593931,0.04354597228901604,0.23141204015566752,0.016328068957843174,0.34372458154505764,0.28787508859084204,0.029326923076923077,0.016346153846153847,0.8014423076923077,0.02548076923076923,0.12307692307692308,0.020673076923076922
mmlu_pro,13,130,trigger_start,0.13629345256262101,0.0381809084282185,0.17625036228161592,0.023800058791843746,0.2940691419626371,0.3695869838962188,0.041346153846153845,0.021153846153846155,0.6759615384615385,0.07019230769230769,0.15576923076923077,0.05673076923076923
mmlu_pro,14,130,trigger_start,0.11957795170064156,0.034551877547234586,0.21243138852027746,0.03282225405654082,0.3023453698780101,0.3328230390181908,0.021634615384615384,0.011057692307692308,0.7649038461538461,0.06875,0.11826923076923077,0.026442307692307692
mmlu_pro,15,130,trigger_start,0.09414502890207446,0.0380709196628931,0.30187678050536376,0.020451767033395858,0.3759296814951365,0.20759673789143562,0.006730769230769231,0.006730769230769231,0.8389423076923077,0.0014423076923076924,0.14951923076923077,0.0033653846153846156
mmlu_pro,16,130,trigger_start,0.15707835919008806,0.03533510641875462,0.28596103764497316,0.012808465340640396,0.21117770337016106,0.332974430001699,0.05,0.014423076923076924,0.7125,0.04567307692307692,0.10913461538461539,0.08269230769230769
mmlu_pro,17,130,trigger_start,0.1182578836209499,0.03667661143789211,0.20280589988598458,0.022288815605525786,0.2891117244340981,0.3675356728526262,0.016826923076923076,0.011538461538461539,0.6822115384615385,0.07403846153846154,0.18990384615384615,0.03701923076923077
mmlu_pro,18,130,trigger_start,0.14063682259561924,0.035157422210054044,0.3126104317032374,0.02423939001388275,0.26203547667738836,0.26047788583315334,0.046634615384615385,0.016346153846153847,0.8134615384615385,0.007692307692307693,0.11201923076923077,0.020192307692307693
mmlu_pro,19,130,trigger_start,0.11827334575355053,0.03608231556404812,0.3123458757996559,0.03585840234389672,0.26613602670482717,0.26738635118191056,0.0375,0.015384615384615385,0.7033653846153847,0.07019230769230769,0.15721153846153846,0.03173076923076923
mmlu_pro,20,130,trigger_start,0.10600533287685651,0.024576477135101762,0.4271461175038264,0.011555442695792478,0.17155755095748015,0.28373556286096574,0.04951923076923077,0.026923076923076925,0.8004807692307693,0.0009615384615384616,0.12307692307692308,0.025961538461538463
mmlu_pro,21,130,trigger_start,0.11683559112537366,0.02227696197716376,0.45859662569486176,0.008788601570547774,0.10740021221572534,0.30837897572379847,0.04375,0.010576923076923078,0.9144230769230769,0.0038461538461538464,0.021634615384615384,0.016346153846153847
mmlu_pro,22,130,trigger_start,0.08468695685554009,0.024581488783363827,0.4715216794839272,0.02940419829952029,0.18268894654286738,0.23169821970737897,0.013461538461538462,0.009134615384615385,0.91875,0.008173076923076924,0.052403846153846155,0.007211538461538462
mmlu_pro,23,130,trigger_start,0.070541502836232,0.01558232581278739,0.5639653522234697,0.04545014711240163,0.1358412794657712,0.1842017186089204,0.00625,0.0028846153846153848,0.8451923076923077,0.08798076923076924,0.055288461538461536,0.005288461538461539
mmlu_pro,24,130,trigger_start,0.06407955856277392,0.014488136402976054,0.5870698190652407,0.03894397786531884,0.1256725645354331,0.1842340824695734,0.004807692307692308,0.002403846153846154,0.9033653846153846,0.02403846153846154,0.0673076923076923,0.0004807692307692308
mmlu_pro,25,130,trigger_start,0.07607471897051885,0.015420800065084433,0.5381532050096072,0.02912811699251716,0.0969364263940616,0.2597075356886937,0.0125,0.0028846153846153848,0.916826923076923,0.015865384615384615,0.023557692307692307,0.03125
mmlu_pro,26,130,trigger_start,0.06454347187939745,0.01219868806969876,0.5093039333820343,0.07179382873269227,0.07574429438212134,0.27861447202471584,0.0009615384615384616,0.0004807692307692308,0.8860576923076923,0.08173076923076923,0.004326923076923077,0.026923076923076925
mmlu_pro,27,130,trigger_start,0.0342154154374909,0.011331427165826496,0.608249431848526,0.10336399155740554,0.1372399513448517,0.11693121346716698,0.0019230769230769232,0.0019230769230769232,0.8360576923076923,0.12355769230769231,0.0375,0.0009615384615384616
