split,sample_id,rollout_index,pc1,pc2,cap_hit,loop_flag,correct,finish_reason,length,relative_length,first_loop_prefix_length
test,0,0,-7.371731758117676,-2.7741892337799072,0,0,1,stop,5821,0.19403333333333334,
test,0,1,-7.371731758117676,-2.7741892337799072,0,0,1,stop,4719,0.1573,
test,0,2,-7.371731758117676,-2.7741892337799072,0,0,1,stop,4710,0.157,
test,0,3,-7.371731758117676,-2.7741892337799072,0,0,1,stop,3562,0.11873333333333333,
test,0,4,-7.371731758117676,-2.7741892337799072,0,0,0,stop,9413,0.3137666666666667,
test,0,5,-7.371731758117676,-2.7741892337799072,0,0,0,stop,11108,0.3702666666666667,
test,0,6,-7.371731758117676,-2.7741892337799072,0,0,0,stop,9288,0.3096,
test,0,7,-7.371731758117676,-2.7741892337799072,0,0,1,stop,2061,0.0687,
test,0,8,-7.371731758117676,-2.7741892337799072,0,0,1,stop,2294,0.07646666666666667,
test,0,9,-7.371731758117676,-2.7741892337799072,0,0,1,stop,2985,0.0995,
test,1,0,5.432455062866211,4.654406547546387,0,1,0,stop,5985,0.1995,1390
test,1,1,5.432455062866211,4.654406547546387,0,0,0,stop,6886,0.22953333333333334,
test,1,2,5.432455062866211,4.654406547546387,0,1,0,stop,9070,0.30233333333333334,5795
test,1,3,5.432455062866211,4.654406547546387,0,0,0,stop,7344,0.2448,
test,1,4,5.432455062866211,4.654406547546387,0,0,1,stop,8151,0.2717,
test,1,5,5.432455062866211,4.654406547546387,0,0,0,stop,7088,0.23626666666666668,
test,1,6,5.432455062866211,4.654406547546387,0,0,0,stop,5997,0.1999,
test,1,7,5.432455062866211,4.654406547546387,0,0,0,stop,7793,0.25976666666666665,
test,1,8,5.432455062866211,4.654406547546387,0,1,0,stop,8039,0.2679666666666667,4842
test,1,9,5.432455062866211,4.654406547546387,0,1,0,stop,6262,0.20873333333333333,2208
test,5,0,-7.288684368133545,3.433398962020874,0,1,0,stop,17949,0.5983,8627
test,5,1,-7.288684368133545,3.433398962020874,0,1,0,stop,18228,0.6076,2289
test,5,2,-7.288684368133545,3.433398962020874,1,1,0,length,30000,1.0,5623
test,5,3,-7.288684368133545,3.433398962020874,1,1,0,length,30000,1.0,2988
test,5,4,-7.288684368133545,3.433398962020874,1,1,0,length,30000,1.0,3750
test,5,5,-7.288684368133545,3.433398962020874,1,1,0,length,30000,1.0,4178
test,5,6,-7.288684368133545,3.433398962020874,1,1,0,length,30000,1.0,1673
test,5,7,-7.288684368133545,3.433398962020874,0,1,0,stop,14065,0.4688333333333333,1850
test,5,8,-7.288684368133545,3.433398962020874,0,1,0,stop,15821,0.5273666666666667,4695
test,5,9,-7.288684368133545,3.433398962020874,0,1,0,stop,17227,0.5742333333333334,4977
test,7,0,4.578364372253418,-1.7805252075195312,0,1,0,stop,8577,0.2859,3523
test,7,1,4.578364372253418,-1.7805252075195312,0,0,0,stop,6114,0.2038,
test,7,2,4.578364372253418,-1.7805252075195312,0,1,0,stop,9364,0.3121333333333333,8668
test,7,3,4.578364372253418,-1.7805252075195312,0,1,0,stop,9299,0.30996666666666667,3038
test,7,4,4.578364372253418,-1.7805252075195312,0,1,0,stop,8997,0.2999,4910
test,7,5,4.578364372253418,-1.7805252075195312,0,1,0,stop,8427,0.2809,7115
test,7,6,4.578364372253418,-1.7805252075195312,0,0,0,stop,8242,0.27473333333333333,
test,7,7,4.578364372253418,-1.7805252075195312,0,0,0,stop,9663,0.3221,
test,7,8,4.578364372253418,-1.7805252075195312,0,1,0,stop,5205,0.1735,2726
test,7,9,4.578364372253418,-1.7805252075195312,0,1,0,stop,9418,0.31393333333333334,2915
test,11,0,-6.082462310791016,3.7262909412384033,0,0,1,stop,4130,0.13766666666666666,
test,11,1,-6.082462310791016,3.7262909412384033,0,0,1,stop,4843,0.16143333333333335,
test,11,2,-6.082462310791016,3.7262909412384033,0,0,1,stop,3730,0.12433333333333334,
test,11,3,-6.082462310791016,3.7262909412384033,0,0,1,stop,6504,0.2168,
test,11,4,-6.082462310791016,3.7262909412384033,0,0,1,stop,4528,0.15093333333333334,
test,11,5,-6.082462310791016,3.7262909412384033,0,0,1,stop,4274,0.14246666666666666,
test,11,6,-6.082462310791016,3.7262909412384033,0,0,1,stop,8608,0.2869333333333333,
test,11,7,-6.082462310791016,3.7262909412384033,0,0,1,stop,4408,0.14693333333333333,
test,11,8,-6.082462310791016,3.7262909412384033,0,0,1,stop,3710,0.12366666666666666,
test,11,9,-6.082462310791016,3.7262909412384033,0,0,1,stop,3694,0.12313333333333333,
test,12,0,8.457109451293945,2.964627981185913,0,0,0,stop,6825,0.2275,
test,12,1,8.457109451293945,2.964627981185913,0,0,0,stop,7435,0.24783333333333332,
test,12,2,8.457109451293945,2.964627981185913,0,0,0,stop,7060,0.23533333333333334,
test,12,3,8.457109451293945,2.964627981185913,0,1,0,stop,8556,0.2852,3831
test,12,4,8.457109451293945,2.964627981185913,0,0,0,stop,5351,0.17836666666666667,
test,12,5,8.457109451293945,2.964627981185913,0,0,0,stop,7221,0.2407,
test,12,6,8.457109451293945,2.964627981185913,0,0,0,stop,8769,0.2923,
test,12,7,8.457109451293945,2.964627981185913,0,0,0,stop,6745,0.22483333333333333,
test,12,8,8.457109451293945,2.964627981185913,0,0,0,stop,6226,0.20753333333333332,
test,12,9,8.457109451293945,2.964627981185913,0,0,0,stop,5833,0.19443333333333335,
test,14,0,-2.8380966186523438,-0.3330974876880646,0,1,0,stop,12949,0.4316333333333333,10070
test,14,1,-2.8380966186523438,-0.3330974876880646,0,1,1,stop,9866,0.32886666666666664,7089
test,14,2,-2.8380966186523438,-0.3330974876880646,0,0,0,stop,6795,0.2265,
test,14,3,-2.8380966186523438,-0.3330974876880646,1,1,0,length,30000,1.0,6222
test,14,4,-2.8380966186523438,-0.3330974876880646,0,1,0,stop,8394,0.2798,3355
test,14,5,-2.8380966186523438,-0.3330974876880646,0,1,0,stop,11114,0.37046666666666667,1801
test,14,6,-2.8380966186523438,-0.3330974876880646,0,1,0,stop,9505,0.31683333333333336,1789
test,14,7,-2.8380966186523438,-0.3330974876880646,0,1,0,stop,7762,0.2587333333333333,6925
test,14,8,-2.8380966186523438,-0.3330974876880646,0,1,0,stop,10508,0.35026666666666667,2950
test,14,9,-2.8380966186523438,-0.3330974876880646,0,1,0,stop,8094,0.2698,4398
test,20,0,6.8856987953186035,-2.67262601852417,0,1,1,stop,10931,0.36436666666666667,10117
test,20,1,6.8856987953186035,-2.67262601852417,0,1,0,stop,13631,0.45436666666666664,10474
test,20,2,6.8856987953186035,-2.67262601852417,0,0,0,stop,8489,0.28296666666666664,
test,20,3,6.8856987953186035,-2.67262601852417,0,1,0,stop,11488,0.38293333333333335,10368
test,20,4,6.8856987953186035,-2.67262601852417,0,1,0,stop,11061,0.3687,4959
test,20,5,6.8856987953186035,-2.67262601852417,0,1,0,stop,12495,0.4165,7129
test,20,6,6.8856987953186035,-2.67262601852417,0,1,0,stop,8819,0.29396666666666665,4322
test,20,7,6.8856987953186035,-2.67262601852417,0,1,0,stop,11385,0.3795,4743
test,20,8,6.8856987953186035,-2.67262601852417,1,1,0,length,30000,1.0,8153
test,20,9,6.8856987953186035,-2.67262601852417,0,1,0,stop,11790,0.393,9161
test,23,0,3.523080348968506,4.4689621925354,0,0,0,stop,10624,0.35413333333333336,
test,23,1,3.523080348968506,4.4689621925354,0,0,0,stop,11644,0.38813333333333333,
test,23,2,3.523080348968506,4.4689621925354,0,0,0,stop,11243,0.3747666666666667,
test,23,3,3.523080348968506,4.4689621925354,0,1,0,stop,11482,0.3827333333333333,5733
test,23,4,3.523080348968506,4.4689621925354,0,0,0,stop,11645,0.38816666666666666,
test,23,5,3.523080348968506,4.4689621925354,0,0,0,stop,13723,0.45743333333333336,
test,23,6,3.523080348968506,4.4689621925354,0,0,0,stop,11202,0.3734,
test,23,7,3.523080348968506,4.4689621925354,0,1,0,stop,11514,0.3838,3952
test,23,8,3.523080348968506,4.4689621925354,0,0,0,stop,11817,0.3939,
test,23,9,3.523080348968506,4.4689621925354,0,0,0,stop,13839,0.4613,
test,28,0,1.3892990350723267,-5.396817684173584,1,1,0,length,30000,1.0,13283
test,28,1,1.3892990350723267,-5.396817684173584,0,0,0,stop,10076,0.33586666666666665,
test,28,2,1.3892990350723267,-5.396817684173584,1,1,0,length,30000,1.0,5535
test,28,3,1.3892990350723267,-5.396817684173584,0,1,0,stop,10682,0.35606666666666664,7562
test,28,4,1.3892990350723267,-5.396817684173584,1,1,0,length,30000,1.0,4393
test,28,5,1.3892990350723267,-5.396817684173584,0,1,0,stop,9991,0.33303333333333335,8325
test,28,6,1.3892990350723267,-5.396817684173584,0,1,0,stop,12933,0.4311,4520
test,28,7,1.3892990350723267,-5.396817684173584,1,1,0,length,30000,1.0,6450
test,28,8,1.3892990350723267,-5.396817684173584,1,1,0,length,30000,1.0,7338
test,28,9,1.3892990350723267,-5.396817684173584,1,1,0,length,30000,1.0,7188
test,33,0,4.505465030670166,-1.2316021919250488,1,1,0,length,30000,1.0,6807
test,33,1,4.505465030670166,-1.2316021919250488,0,0,0,stop,10277,0.3425666666666667,
test,33,2,4.505465030670166,-1.2316021919250488,0,0,0,stop,10345,0.3448333333333333,
test,33,3,4.505465030670166,-1.2316021919250488,0,0,0,stop,8206,0.27353333333333335,
test,33,4,4.505465030670166,-1.2316021919250488,0,0,0,stop,7356,0.2452,
test,33,5,4.505465030670166,-1.2316021919250488,0,0,0,stop,11824,0.39413333333333334,
test,33,6,4.505465030670166,-1.2316021919250488,0,0,0,stop,11779,0.39263333333333333,
test,33,7,4.505465030670166,-1.2316021919250488,0,1,0,stop,8371,0.27903333333333336,5531
test,33,8,4.505465030670166,-1.2316021919250488,0,0,0,stop,9049,0.3016333333333333,
test,33,9,4.505465030670166,-1.2316021919250488,0,0,0,stop,8279,0.2759666666666667,
test,36,0,7.3823652267456055,6.860532283782959,0,0,0,stop,5375,0.17916666666666667,
test,36,1,7.3823652267456055,6.860532283782959,0,0,1,stop,5811,0.1937,
test,36,2,7.3823652267456055,6.860532283782959,0,0,0,stop,8239,0.27463333333333334,
test,36,3,7.3823652267456055,6.860532283782959,0,0,0,stop,5832,0.1944,
test,36,4,7.3823652267456055,6.860532283782959,0,1,1,stop,7731,0.2577,3931
test,36,5,7.3823652267456055,6.860532283782959,0,0,1,stop,4637,0.15456666666666666,
test,36,6,7.3823652267456055,6.860532283782959,0,1,0,stop,7299,0.2433,4094
test,36,7,7.3823652267456055,6.860532283782959,0,1,1,stop,5660,0.18866666666666668,3811
test,36,8,7.3823652267456055,6.860532283782959,0,0,1,stop,7615,0.25383333333333336,
test,36,9,7.3823652267456055,6.860532283782959,0,0,1,stop,6375,0.2125,
test,42,0,7.253256320953369,0.6633298397064209,0,0,0,stop,9144,0.3048,
test,42,1,7.253256320953369,0.6633298397064209,0,1,0,stop,12522,0.4174,10361
test,42,2,7.253256320953369,0.6633298397064209,0,0,1,stop,13739,0.4579666666666667,
test,42,3,7.253256320953369,0.6633298397064209,0,0,0,stop,11603,0.38676666666666665,
test,42,4,7.253256320953369,0.6633298397064209,0,0,0,stop,13150,0.43833333333333335,
test,42,5,7.253256320953369,0.6633298397064209,0,1,0,stop,14255,0.4751666666666667,10940
test,42,6,7.253256320953369,0.6633298397064209,0,0,0,stop,13423,0.44743333333333335,
test,42,7,7.253256320953369,0.6633298397064209,0,0,0,stop,8637,0.2879,
test,42,8,7.253256320953369,0.6633298397064209,0,1,0,stop,14199,0.4733,11943
test,42,9,7.253256320953369,0.6633298397064209,0,0,0,stop,9885,0.3295,
test,44,0,-3.454078435897827,-0.18615615367889404,0,1,0,stop,7818,0.2606,3779
test,44,1,-3.454078435897827,-0.18615615367889404,0,1,1,stop,9518,0.31726666666666664,6163
test,44,2,-3.454078435897827,-0.18615615367889404,0,1,1,stop,9917,0.3305666666666667,6756
test,44,3,-3.454078435897827,-0.18615615367889404,0,1,1,stop,12338,0.41126666666666667,9172
test,44,4,-3.454078435897827,-0.18615615367889404,0,0,1,stop,6156,0.2052,
test,44,5,-3.454078435897827,-0.18615615367889404,0,1,1,stop,11313,0.3771,7039
test,44,6,-3.454078435897827,-0.18615615367889404,0,0,1,stop,11105,0.37016666666666664,
test,44,7,-3.454078435897827,-0.18615615367889404,0,0,1,stop,3849,0.1283,
test,44,8,-3.454078435897827,-0.18615615367889404,0,0,1,stop,4466,0.14886666666666667,
test,44,9,-3.454078435897827,-0.18615615367889404,0,1,1,stop,11392,0.3797333333333333,9499
test,46,0,4.467349529266357,0.4126976430416107,0,0,0,stop,10330,0.3443333333333333,
test,46,1,4.467349529266357,0.4126976430416107,1,1,0,length,30000,1.0,4792
test,46,2,4.467349529266357,0.4126976430416107,0,0,0,stop,8053,0.26843333333333336,
test,46,3,4.467349529266357,0.4126976430416107,1,1,0,length,30000,1.0,3105
test,46,4,4.467349529266357,0.4126976430416107,1,1,0,length,30000,1.0,884
test,46,5,4.467349529266357,0.4126976430416107,0,0,1,stop,10472,0.3490666666666667,
test,46,6,4.467349529266357,0.4126976430416107,0,1,0,stop,11500,0.38333333333333336,10425
test,46,7,4.467349529266357,0.4126976430416107,0,0,0,stop,8685,0.2895,
test,46,8,4.467349529266357,0.4126976430416107,0,1,0,stop,12581,0.41936666666666667,12303
test,46,9,4.467349529266357,0.4126976430416107,0,0,0,stop,11014,0.3671333333333333,
test,47,0,5.971863746643066,7.43684196472168,0,0,1,stop,11664,0.3888,
test,47,1,5.971863746643066,7.43684196472168,0,0,1,stop,6948,0.2316,
test,47,2,5.971863746643066,7.43684196472168,0,0,0,stop,10941,0.3647,
test,47,3,5.971863746643066,7.43684196472168,0,0,1,stop,9078,0.3026,
test,47,4,5.971863746643066,7.43684196472168,0,0,1,stop,8891,0.29636666666666667,
test,47,5,5.971863746643066,7.43684196472168,0,0,1,stop,7489,0.24963333333333335,
test,47,6,5.971863746643066,7.43684196472168,0,0,1,stop,8910,0.297,
test,47,7,5.971863746643066,7.43684196472168,0,0,1,stop,6821,0.22736666666666666,
test,47,8,5.971863746643066,7.43684196472168,0,1,1,stop,9599,0.3199666666666667,6206
test,47,9,5.971863746643066,7.43684196472168,0,1,1,stop,11959,0.39863333333333334,8649
train,2,0,-7.385384559631348,3.944695234298706,0,0,1,stop,2883,0.0961,
train,2,1,-7.385384559631348,3.944695234298706,0,1,1,stop,18557,0.6185666666666667,15098
train,2,2,-7.385384559631348,3.944695234298706,0,0,1,stop,16553,0.5517666666666666,
train,2,3,-7.385384559631348,3.944695234298706,0,0,1,stop,3112,0.10373333333333333,
train,2,4,-7.385384559631348,3.944695234298706,0,0,1,stop,2911,0.09703333333333333,
train,2,5,-7.385384559631348,3.944695234298706,0,0,1,stop,5079,0.1693,
train,2,6,-7.385384559631348,3.944695234298706,0,0,1,stop,3048,0.1016,
train,2,7,-7.385384559631348,3.944695234298706,0,0,1,stop,4594,0.15313333333333334,
train,2,8,-7.385384559631348,3.944695234298706,0,0,1,stop,3338,0.11126666666666667,
train,2,9,-7.385384559631348,3.944695234298706,0,0,1,stop,5482,0.18273333333333333,
train,3,0,-4.717289447784424,-4.004043102264404,0,0,0,stop,1719,0.0573,
train,3,1,-4.717289447784424,-4.004043102264404,0,0,0,stop,1200,0.04,
train,3,2,-4.717289447784424,-4.004043102264404,0,0,0,stop,1188,0.0396,
train,3,3,-4.717289447784424,-4.004043102264404,0,0,0,stop,2120,0.07066666666666667,
train,3,4,-4.717289447784424,-4.004043102264404,0,0,0,stop,1185,0.0395,
train,3,5,-4.717289447784424,-4.004043102264404,0,0,0,stop,776,0.025866666666666666,
train,3,6,-4.717289447784424,-4.004043102264404,0,0,0,stop,1675,0.05583333333333333,
train,3,7,-4.717289447784424,-4.004043102264404,0,0,0,stop,1496,0.04986666666666666,
train,3,8,-4.717289447784424,-4.004043102264404,0,0,0,stop,1185,0.0395,
train,3,9,-4.717289447784424,-4.004043102264404,0,0,0,stop,1637,0.054566666666666666,
train,4,0,-7.340160369873047,1.8738499879837036,0,1,0,stop,14040,0.468,7574
train,4,1,-7.340160369873047,1.8738499879837036,0,1,0,stop,15170,0.5056666666666667,8470
train,4,2,-7.340160369873047,1.8738499879837036,0,1,1,stop,10539,0.3513,5922
train,4,3,-7.340160369873047,1.8738499879837036,0,1,0,stop,14401,0.4800333333333333,9313
train,4,4,-7.340160369873047,1.8738499879837036,0,0,1,stop,14739,0.4913,
train,4,5,-7.340160369873047,1.8738499879837036,0,0,1,stop,13658,0.45526666666666665,
train,4,6,-7.340160369873047,1.8738499879837036,0,1,0,stop,18140,0.6046666666666667,12324
train,4,7,-7.340160369873047,1.8738499879837036,0,1,0,stop,10218,0.3406,7544
train,4,8,-7.340160369873047,1.8738499879837036,0,0,0,stop,12672,0.4224,
train,4,9,-7.340160369873047,1.8738499879837036,0,0,1,stop,7239,0.2413,
train,6,0,-7.52345085144043,1.8882286548614502,0,1,1,stop,7253,0.24176666666666666,1562
train,6,1,-7.52345085144043,1.8882286548614502,1,1,0,length,30000,1.0,6039
train,6,2,-7.52345085144043,1.8882286548614502,0,1,1,stop,10186,0.33953333333333335,6349
train,6,3,-7.52345085144043,1.8882286548614502,0,1,0,stop,9225,0.3075,4207
train,6,4,-7.52345085144043,1.8882286548614502,0,1,1,stop,10538,0.35126666666666667,3103
train,6,5,-7.52345085144043,1.8882286548614502,0,1,0,stop,14562,0.4854,4113
train,6,6,-7.52345085144043,1.8882286548614502,0,1,1,stop,10736,0.35786666666666667,4582
train,6,7,-7.52345085144043,1.8882286548614502,0,0,1,stop,8789,0.29296666666666665,
train,6,8,-7.52345085144043,1.8882286548614502,0,1,1,stop,11308,0.37693333333333334,4768
train,6,9,-7.52345085144043,1.8882286548614502,0,1,0,stop,16628,0.5542666666666667,13482
train,8,0,1.4658966064453125,-6.433079242706299,0,0,0,stop,2311,0.07703333333333333,
train,8,1,1.4658966064453125,-6.433079242706299,0,0,0,stop,1944,0.0648,
train,8,2,1.4658966064453125,-6.433079242706299,0,0,1,stop,3250,0.10833333333333334,
train,8,3,1.4658966064453125,-6.433079242706299,0,0,0,stop,1935,0.0645,
train,8,4,1.4658966064453125,-6.433079242706299,0,0,0,stop,2350,0.07833333333333334,
train,8,5,1.4658966064453125,-6.433079242706299,0,0,0,stop,3125,0.10416666666666667,
train,8,6,1.4658966064453125,-6.433079242706299,0,0,0,stop,2556,0.0852,
train,8,7,1.4658966064453125,-6.433079242706299,0,0,0,stop,1750,0.058333333333333334,
train,8,8,1.4658966064453125,-6.433079242706299,0,0,0,stop,2424,0.0808,
train,8,9,1.4658966064453125,-6.433079242706299,0,0,0,stop,2575,0.08583333333333333,
train,9,0,-4.550025939941406,-0.20370662212371826,0,0,1,stop,4896,0.1632,
train,9,1,-4.550025939941406,-0.20370662212371826,0,0,0,stop,3620,0.12066666666666667,
train,9,2,-4.550025939941406,-0.20370662212371826,0,0,1,stop,958,0.031933333333333334,
train,9,3,-4.550025939941406,-0.20370662212371826,0,0,0,stop,5826,0.1942,
train,9,4,-4.550025939941406,-0.20370662212371826,0,0,0,stop,4454,0.14846666666666666,
train,9,5,-4.550025939941406,-0.20370662212371826,0,0,0,stop,4140,0.138,
train,9,6,-4.550025939941406,-0.20370662212371826,0,0,0,stop,3379,0.11263333333333334,
train,9,7,-4.550025939941406,-0.20370662212371826,0,0,1,stop,743,0.024766666666666666,
train,9,8,-4.550025939941406,-0.20370662212371826,0,0,0,stop,5493,0.1831,
train,9,9,-4.550025939941406,-0.20370662212371826,0,0,0,stop,4578,0.1526,
train,10,0,2.731039047241211,-11.012778282165527,0,0,1,stop,1000,0.03333333333333333,
train,10,1,2.731039047241211,-11.012778282165527,0,0,1,stop,1608,0.0536,
train,10,2,2.731039047241211,-11.012778282165527,0,0,1,stop,732,0.0244,
train,10,3,2.731039047241211,-11.012778282165527,0,0,1,stop,771,0.0257,
train,10,4,2.731039047241211,-11.012778282165527,0,0,1,stop,1069,0.035633333333333336,
train,10,5,2.731039047241211,-11.012778282165527,0,0,1,stop,640,0.021333333333333333,
train,10,6,2.731039047241211,-11.012778282165527,0,0,1,stop,765,0.0255,
train,10,7,2.731039047241211,-11.012778282165527,0,0,1,stop,877,0.029233333333333333,
train,10,8,2.731039047241211,-11.012778282165527,0,0,1,stop,894,0.0298,
train,10,9,2.731039047241211,-11.012778282165527,0,0,1,stop,917,0.030566666666666666,
train,13,0,-3.7217466831207275,-4.119330406188965,0,0,1,stop,1675,0.05583333333333333,
train,13,1,-3.7217466831207275,-4.119330406188965,0,0,1,stop,2071,0.06903333333333334,
train,13,2,-3.7217466831207275,-4.119330406188965,0,0,1,stop,2670,0.089,
train,13,3,-3.7217466831207275,-4.119330406188965,0,0,1,stop,4723,0.15743333333333334,
train,13,4,-3.7217466831207275,-4.119330406188965,0,0,1,stop,4411,0.14703333333333332,
train,13,5,-3.7217466831207275,-4.119330406188965,0,1,1,stop,2865,0.0955,2015
train,13,6,-3.7217466831207275,-4.119330406188965,0,0,1,stop,3610,0.12033333333333333,
train,13,7,-3.7217466831207275,-4.119330406188965,0,0,1,stop,2551,0.08503333333333334,
train,13,8,-3.7217466831207275,-4.119330406188965,0,0,1,stop,3542,0.11806666666666667,
train,13,9,-3.7217466831207275,-4.119330406188965,0,0,1,stop,2684,0.08946666666666667,
train,15,0,3.8805530071258545,-0.5617393851280212,1,1,0,length,30000,1.0,3340
train,15,1,3.8805530071258545,-0.5617393851280212,0,1,0,stop,13282,0.4427333333333333,6819
train,15,2,3.8805530071258545,-0.5617393851280212,0,1,0,stop,9759,0.3253,1969
train,15,3,3.8805530071258545,-0.5617393851280212,1,1,0,length,30000,1.0,6569
train,15,4,3.8805530071258545,-0.5617393851280212,1,1,0,length,30000,1.0,8472
train,15,5,3.8805530071258545,-0.5617393851280212,1,1,0,length,30000,1.0,8187
train,15,6,3.8805530071258545,-0.5617393851280212,1,1,0,length,30000,1.0,3410
train,15,7,3.8805530071258545,-0.5617393851280212,1,1,0,length,30000,1.0,4933
train,15,8,3.8805530071258545,-0.5617393851280212,0,1,0,stop,17607,0.5869,1880
train,15,9,3.8805530071258545,-0.5617393851280212,0,1,0,stop,11979,0.3993,2592
train,16,0,-7.746495723724365,2.863633871078491,0,1,1,stop,13431,0.4477,2666
train,16,1,-7.746495723724365,2.863633871078491,0,1,0,stop,11386,0.37953333333333333,6491
train,16,2,-7.746495723724365,2.863633871078491,0,1,1,stop,12272,0.4090666666666667,6874
train,16,3,-7.746495723724365,2.863633871078491,0,0,1,stop,12174,0.4058,
train,16,4,-7.746495723724365,2.863633871078491,0,1,0,stop,11119,0.3706333333333333,6378
train,16,5,-7.746495723724365,2.863633871078491,0,1,1,stop,14256,0.4752,8882
train,16,6,-7.746495723724365,2.863633871078491,0,1,1,stop,14109,0.4703,2488
train,16,7,-7.746495723724365,2.863633871078491,0,1,1,stop,11361,0.3787,7455
train,16,8,-7.746495723724365,2.863633871078491,0,1,0,stop,11308,0.37693333333333334,5912
train,16,9,-7.746495723724365,2.863633871078491,0,1,1,stop,16175,0.5391666666666667,9873
train,17,0,-5.23391580581665,4.335975646972656,0,1,0,stop,12569,0.41896666666666665,12072
train,17,1,-5.23391580581665,4.335975646972656,0,0,0,stop,15199,0.5066333333333334,
train,17,2,-5.23391580581665,4.335975646972656,0,1,0,stop,12249,0.4083,10131
train,17,3,-5.23391580581665,4.335975646972656,0,1,0,stop,15685,0.5228333333333334,9812
train,17,4,-5.23391580581665,4.335975646972656,0,0,0,stop,4237,0.14123333333333332,
train,17,5,-5.23391580581665,4.335975646972656,0,1,0,stop,10834,0.3611333333333333,9625
train,17,6,-5.23391580581665,4.335975646972656,0,1,0,stop,9330,0.311,3726
train,17,7,-5.23391580581665,4.335975646972656,0,0,0,stop,10522,0.35073333333333334,
train,17,8,-5.23391580581665,4.335975646972656,0,1,0,stop,16519,0.5506333333333333,11764
train,17,9,-5.23391580581665,4.335975646972656,0,0,0,stop,5756,0.19186666666666666,
train,18,0,10.90460205078125,3.618603467941284,1,1,0,length,30000,1.0,3173
train,18,1,10.90460205078125,3.618603467941284,0,1,1,stop,9014,0.30046666666666666,2091
train,18,2,10.90460205078125,3.618603467941284,0,0,1,stop,11588,0.38626666666666665,
train,18,3,10.90460205078125,3.618603467941284,1,1,0,length,30000,1.0,6223
train,18,4,10.90460205078125,3.618603467941284,0,0,1,stop,8874,0.2958,
train,18,5,10.90460205078125,3.618603467941284,0,0,0,stop,9298,0.30993333333333334,
train,18,6,10.90460205078125,3.618603467941284,0,1,1,stop,12181,0.40603333333333336,5538
train,18,7,10.90460205078125,3.618603467941284,0,1,0,stop,8549,0.28496666666666665,7822
train,18,8,10.90460205078125,3.618603467941284,0,1,1,stop,5979,0.1993,2324
train,18,9,10.90460205078125,3.618603467941284,1,1,0,length,30000,1.0,2918
train,19,0,-3.937937021255493,-6.2533698081970215,0,0,1,stop,2350,0.07833333333333334,
train,19,1,-3.937937021255493,-6.2533698081970215,0,0,1,stop,3022,0.10073333333333333,
train,19,2,-3.937937021255493,-6.2533698081970215,0,0,1,stop,1884,0.0628,
train,19,3,-3.937937021255493,-6.2533698081970215,0,0,1,stop,2556,0.0852,
train,19,4,-3.937937021255493,-6.2533698081970215,0,0,1,stop,2269,0.07563333333333333,
train,19,5,-3.937937021255493,-6.2533698081970215,0,0,1,stop,2882,0.09606666666666666,
train,19,6,-3.937937021255493,-6.2533698081970215,0,0,1,stop,2938,0.09793333333333333,
train,19,7,-3.937937021255493,-6.2533698081970215,0,0,1,stop,1592,0.053066666666666665,
train,19,8,-3.937937021255493,-6.2533698081970215,0,0,1,stop,1732,0.05773333333333333,
train,19,9,-3.937937021255493,-6.2533698081970215,0,0,1,stop,2864,0.09546666666666667,
train,21,0,-3.6204183101654053,-2.8283135890960693,0,0,0,stop,479,0.015966666666666667,
train,21,1,-3.6204183101654053,-2.8283135890960693,0,0,0,stop,1716,0.0572,
train,21,2,-3.6204183101654053,-2.8283135890960693,0,0,0,stop,418,0.013933333333333334,
train,21,3,-3.6204183101654053,-2.8283135890960693,0,0,0,stop,866,0.028866666666666665,
train,21,4,-3.6204183101654053,-2.8283135890960693,0,0,0,stop,508,0.016933333333333335,
train,21,5,-3.6204183101654053,-2.8283135890960693,0,0,0,stop,1270,0.042333333333333334,
train,21,6,-3.6204183101654053,-2.8283135890960693,0,0,0,stop,988,0.032933333333333335,
train,21,7,-3.6204183101654053,-2.8283135890960693,0,0,0,stop,2436,0.0812,
train,21,8,-3.6204183101654053,-2.8283135890960693,0,0,0,stop,511,0.017033333333333334,
train,21,9,-3.6204183101654053,-2.8283135890960693,0,0,0,stop,398,0.013266666666666666,
train,22,0,1.6083613634109497,-1.292785882949829,0,0,0,stop,9665,0.32216666666666666,
train,22,1,1.6083613634109497,-1.292785882949829,0,0,0,stop,11095,0.36983333333333335,
train,22,2,1.6083613634109497,-1.292785882949829,0,1,0,stop,11442,0.3814,4898
train,22,3,1.6083613634109497,-1.292785882949829,0,1,0,stop,9829,0.32763333333333333,8212
train,22,4,1.6083613634109497,-1.292785882949829,0,1,0,stop,9665,0.32216666666666666,4584
train,22,5,1.6083613634109497,-1.292785882949829,0,0,0,stop,9213,0.3071,
train,22,6,1.6083613634109497,-1.292785882949829,0,1,0,stop,7551,0.2517,5475
train,22,7,1.6083613634109497,-1.292785882949829,1,1,0,length,30000,1.0,3133
train,22,8,1.6083613634109497,-1.292785882949829,0,1,0,stop,10170,0.339,2336
train,22,9,1.6083613634109497,-1.292785882949829,0,1,0,stop,8394,0.2798,4543
train,24,0,9.99515151977539,-1.3483668565750122,0,0,0,stop,7001,0.23336666666666667,
train,24,1,9.99515151977539,-1.3483668565750122,0,0,0,stop,7493,0.24976666666666666,
train,24,2,9.99515151977539,-1.3483668565750122,1,1,0,length,30000,1.0,5616
train,24,3,9.99515151977539,-1.3483668565750122,0,0,0,stop,8720,0.2906666666666667,
train,24,4,9.99515151977539,-1.3483668565750122,0,1,0,stop,8975,0.2991666666666667,7582
train,24,5,9.99515151977539,-1.3483668565750122,0,1,0,stop,10024,0.33413333333333334,5004
train,24,6,9.99515151977539,-1.3483668565750122,0,0,0,stop,8824,0.29413333333333336,
train,24,7,9.99515151977539,-1.3483668565750122,0,0,0,stop,9139,0.3046333333333333,
train,24,8,9.99515151977539,-1.3483668565750122,0,1,0,stop,11277,0.3759,6532
train,24,9,9.99515151977539,-1.3483668565750122,0,0,0,stop,8417,0.2805666666666667,
train,25,0,5.880940914154053,3.3838510513305664,0,0,0,stop,7682,0.25606666666666666,
train,25,1,5.880940914154053,3.3838510513305664,0,0,0,stop,8900,0.2966666666666667,
train,25,2,5.880940914154053,3.3838510513305664,0,0,0,stop,6877,0.22923333333333334,
train,25,3,5.880940914154053,3.3838510513305664,0,0,0,stop,9676,0.32253333333333334,
train,25,4,5.880940914154053,3.3838510513305664,0,1,0,stop,7132,0.23773333333333332,5049
train,25,5,5.880940914154053,3.3838510513305664,0,1,0,stop,9167,0.30556666666666665,3214
train,25,6,5.880940914154053,3.3838510513305664,0,0,0,stop,7771,0.25903333333333334,
train,25,7,5.880940914154053,3.3838510513305664,0,0,0,stop,8373,0.2791,
train,25,8,5.880940914154053,3.3838510513305664,0,0,0,stop,7501,0.25003333333333333,
train,25,9,5.880940914154053,3.3838510513305664,0,1,0,stop,10591,0.3530333333333333,9617
train,26,0,1.4440022706985474,-3.4914462566375732,0,0,1,stop,1622,0.054066666666666666,
train,26,1,1.4440022706985474,-3.4914462566375732,0,0,1,stop,2674,0.08913333333333333,
train,26,2,1.4440022706985474,-3.4914462566375732,0,0,0,stop,3844,0.12813333333333332,
train,26,3,1.4440022706985474,-3.4914462566375732,0,0,1,stop,1936,0.06453333333333333,
train,26,4,1.4440022706985474,-3.4914462566375732,0,0,1,stop,3834,0.1278,
train,26,5,1.4440022706985474,-3.4914462566375732,0,0,1,stop,2538,0.0846,
train,26,6,1.4440022706985474,-3.4914462566375732,0,0,0,stop,5075,0.16916666666666666,
train,26,7,1.4440022706985474,-3.4914462566375732,0,1,0,stop,4961,0.16536666666666666,3628
train,26,8,1.4440022706985474,-3.4914462566375732,0,0,1,stop,3456,0.1152,
train,26,9,1.4440022706985474,-3.4914462566375732,0,1,1,stop,4345,0.14483333333333334,3152
train,27,0,8.963179588317871,5.081791877746582,1,1,0,length,30000,1.0,4413
train,27,1,8.963179588317871,5.081791877746582,0,0,0,stop,11597,0.38656666666666667,
train,27,2,8.963179588317871,5.081791877746582,0,1,0,stop,11341,0.37803333333333333,8730
train,27,3,8.963179588317871,5.081791877746582,0,1,0,stop,11448,0.3816,6790
train,27,4,8.963179588317871,5.081791877746582,0,0,1,stop,10163,0.33876666666666666,
train,27,5,8.963179588317871,5.081791877746582,0,0,0,stop,10201,0.34003333333333335,
train,27,6,8.963179588317871,5.081791877746582,0,1,0,stop,11688,0.3896,7384
train,27,7,8.963179588317871,5.081791877746582,0,1,0,stop,11734,0.39113333333333333,10003
train,27,8,8.963179588317871,5.081791877746582,0,1,0,stop,10540,0.35133333333333333,8620
train,27,9,8.963179588317871,5.081791877746582,0,1,0,stop,8217,0.2739,4629
train,29,0,-5.633501052856445,2.8437366485595703,0,0,1,stop,2746,0.09153333333333333,
train,29,1,-5.633501052856445,2.8437366485595703,0,1,0,stop,6951,0.2317,6355
train,29,2,-5.633501052856445,2.8437366485595703,0,0,0,stop,6298,0.20993333333333333,
train,29,3,-5.633501052856445,2.8437366485595703,0,0,0,stop,5116,0.17053333333333334,
train,29,4,-5.633501052856445,2.8437366485595703,0,0,0,stop,3241,0.10803333333333333,
train,29,5,-5.633501052856445,2.8437366485595703,0,0,0,stop,6983,0.23276666666666668,
train,29,6,-5.633501052856445,2.8437366485595703,0,0,0,stop,1290,0.043,
train,29,7,-5.633501052856445,2.8437366485595703,0,0,0,stop,3641,0.12136666666666666,
train,29,8,-5.633501052856445,2.8437366485595703,0,1,0,stop,6892,0.22973333333333334,6835
train,29,9,-5.633501052856445,2.8437366485595703,0,0,0,stop,3065,0.10216666666666667,
train,30,0,5.791459083557129,4.3378520011901855,0,0,0,stop,5425,0.18083333333333335,
train,30,1,5.791459083557129,4.3378520011901855,0,0,0,stop,7402,0.24673333333333333,
train,30,2,5.791459083557129,4.3378520011901855,0,0,0,stop,4410,0.147,
train,30,3,5.791459083557129,4.3378520011901855,0,0,0,stop,4395,0.1465,
train,30,4,5.791459083557129,4.3378520011901855,0,1,0,stop,6736,0.22453333333333333,3120
train,30,5,5.791459083557129,4.3378520011901855,0,0,0,stop,4220,0.14066666666666666,
train,30,6,5.791459083557129,4.3378520011901855,0,0,0,stop,5485,0.18283333333333332,
train,30,7,5.791459083557129,4.3378520011901855,0,0,0,stop,5665,0.18883333333333333,
train,30,8,5.791459083557129,4.3378520011901855,0,0,0,stop,6408,0.2136,
train,30,9,5.791459083557129,4.3378520011901855,0,0,0,stop,6760,0.22533333333333333,
train,31,0,-8.090364456176758,3.569761037826538,0,0,1,stop,8007,0.2669,
train,31,1,-8.090364456176758,3.569761037826538,0,0,1,stop,8293,0.2764333333333333,
train,31,2,-8.090364456176758,3.569761037826538,0,0,1,stop,9598,0.31993333333333335,
train,31,3,-8.090364456176758,3.569761037826538,0,0,1,stop,8653,0.2884333333333333,
train,31,4,-8.090364456176758,3.569761037826538,0,1,1,stop,9657,0.3219,9331
train,31,5,-8.090364456176758,3.569761037826538,0,0,1,stop,10556,0.35186666666666666,
train,31,6,-8.090364456176758,3.569761037826538,0,0,1,stop,6650,0.22166666666666668,
train,31,7,-8.090364456176758,3.569761037826538,0,0,1,stop,6151,0.20503333333333335,
train,31,8,-8.090364456176758,3.569761037826538,0,0,1,stop,5707,0.19023333333333334,
train,31,9,-8.090364456176758,3.569761037826538,0,0,1,stop,9694,0.32313333333333333,
train,32,0,3.6433475017547607,0.536930501461029,0,0,1,stop,4827,0.1609,
train,32,1,3.6433475017547607,0.536930501461029,0,1,0,stop,7295,0.24316666666666667,2184
train,32,2,3.6433475017547607,0.536930501461029,0,0,1,stop,6825,0.2275,
train,32,3,3.6433475017547607,0.536930501461029,0,0,0,stop,4703,0.15676666666666667,
train,32,4,3.6433475017547607,0.536930501461029,0,1,1,stop,6197,0.20656666666666668,4708
train,32,5,3.6433475017547607,0.536930501461029,0,0,0,stop,5472,0.1824,
train,32,6,3.6433475017547607,0.536930501461029,0,0,0,stop,6920,0.23066666666666666,
train,32,7,3.6433475017547607,0.536930501461029,0,0,0,stop,6902,0.23006666666666667,
train,32,8,3.6433475017547607,0.536930501461029,0,0,0,stop,5016,0.1672,
train,32,9,3.6433475017547607,0.536930501461029,0,1,0,stop,5472,0.1824,1254
train,34,0,-0.029406195506453514,-2.6200201511383057,0,0,0,stop,6378,0.2126,
train,34,1,-0.029406195506453514,-2.6200201511383057,0,0,0,stop,6720,0.224,
train,34,2,-0.029406195506453514,-2.6200201511383057,0,0,1,stop,5479,0.18263333333333334,
train,34,3,-0.029406195506453514,-2.6200201511383057,0,0,1,stop,6477,0.2159,
train,34,4,-0.029406195506453514,-2.6200201511383057,0,0,1,stop,5784,0.1928,
train,34,5,-0.029406195506453514,-2.6200201511383057,0,0,1,stop,5972,0.19906666666666667,
train,34,6,-0.029406195506453514,-2.6200201511383057,0,0,1,stop,6468,0.2156,
train,34,7,-0.029406195506453514,-2.6200201511383057,0,0,1,stop,6011,0.20036666666666667,
train,34,8,-0.029406195506453514,-2.6200201511383057,0,0,1,stop,4859,0.16196666666666668,
train,34,9,-0.029406195506453514,-2.6200201511383057,0,0,1,stop,2517,0.0839,
train,35,0,-4.174063682556152,-3.109020948410034,0,0,0,stop,2309,0.07696666666666667,
train,35,1,-4.174063682556152,-3.109020948410034,0,0,0,stop,3569,0.11896666666666667,
train,35,2,-4.174063682556152,-3.109020948410034,0,0,0,stop,5186,0.17286666666666667,
train,35,3,-4.174063682556152,-3.109020948410034,0,1,0,stop,11040,0.368,9226
train,35,4,-4.174063682556152,-3.109020948410034,0,0,1,stop,6204,0.2068,
train,35,5,-4.174063682556152,-3.109020948410034,0,1,1,stop,5137,0.17123333333333332,4809
train,35,6,-4.174063682556152,-3.109020948410034,0,0,0,stop,3977,0.13256666666666667,
train,35,7,-4.174063682556152,-3.109020948410034,0,0,0,stop,6385,0.21283333333333335,
train,35,8,-4.174063682556152,-3.109020948410034,0,0,0,stop,7261,0.24203333333333332,
train,35,9,-4.174063682556152,-3.109020948410034,0,0,0,stop,4176,0.1392,
train,37,0,4.934142589569092,0.7662265300750732,0,1,0,stop,11281,0.37603333333333333,6025
train,37,1,4.934142589569092,0.7662265300750732,0,1,0,stop,6444,0.2148,4836
train,37,2,4.934142589569092,0.7662265300750732,0,0,0,stop,4838,0.16126666666666667,
train,37,3,4.934142589569092,0.7662265300750732,0,1,0,stop,7937,0.26456666666666667,5889
train,37,4,4.934142589569092,0.7662265300750732,0,1,0,stop,10640,0.3546666666666667,2452
train,37,5,4.934142589569092,0.7662265300750732,0,1,0,stop,6450,0.215,5953
train,37,6,4.934142589569092,0.7662265300750732,1,1,0,length,30000,1.0,7419
train,37,7,4.934142589569092,0.7662265300750732,0,1,0,stop,10146,0.3382,8954
train,37,8,4.934142589569092,0.7662265300750732,0,1,0,stop,7367,0.24556666666666666,7289
train,37,9,4.934142589569092,0.7662265300750732,0,1,0,stop,7748,0.25826666666666664,2869
train,38,0,-7.319080829620361,3.2395713329315186,0,0,1,stop,2274,0.0758,
train,38,1,-7.319080829620361,3.2395713329315186,0,0,1,stop,1692,0.0564,
train,38,2,-7.319080829620361,3.2395713329315186,0,0,1,stop,1545,0.0515,
train,38,3,-7.319080829620361,3.2395713329315186,0,0,1,stop,1741,0.05803333333333333,
train,38,4,-7.319080829620361,3.2395713329315186,0,0,1,stop,2320,0.07733333333333334,
train,38,5,-7.319080829620361,3.2395713329315186,0,0,1,stop,1595,0.05316666666666667,
train,38,6,-7.319080829620361,3.2395713329315186,0,0,1,stop,1271,0.042366666666666664,
train,38,7,-7.319080829620361,3.2395713329315186,0,0,1,stop,1667,0.05556666666666667,
train,38,8,-7.319080829620361,3.2395713329315186,0,0,1,stop,1629,0.0543,
train,38,9,-7.319080829620361,3.2395713329315186,0,0,1,stop,1210,0.04033333333333333,
train,39,0,1.4614975452423096,-8.154609680175781,0,0,0,stop,1592,0.053066666666666665,
train,39,1,1.4614975452423096,-8.154609680175781,0,0,0,stop,1339,0.04463333333333333,
train,39,2,1.4614975452423096,-8.154609680175781,0,0,0,stop,1420,0.04733333333333333,
train,39,3,1.4614975452423096,-8.154609680175781,0,0,0,stop,2009,0.06696666666666666,
train,39,4,1.4614975452423096,-8.154609680175781,0,0,0,stop,1163,0.038766666666666665,
train,39,5,1.4614975452423096,-8.154609680175781,0,0,0,stop,2932,0.09773333333333334,
train,39,6,1.4614975452423096,-8.154609680175781,0,0,0,stop,1480,0.04933333333333333,
train,39,7,1.4614975452423096,-8.154609680175781,0,0,0,stop,1793,0.05976666666666667,
train,39,8,1.4614975452423096,-8.154609680175781,0,0,0,stop,1685,0.05616666666666666,
train,39,9,1.4614975452423096,-8.154609680175781,0,0,0,stop,1314,0.0438,
train,40,0,-6.387117385864258,0.10791309922933578,0,0,1,stop,7927,0.2642333333333333,
train,40,1,-6.387117385864258,0.10791309922933578,0,1,1,stop,8336,0.27786666666666665,8284
train,40,2,-6.387117385864258,0.10791309922933578,0,0,1,stop,7553,0.2517666666666667,
train,40,3,-6.387117385864258,0.10791309922933578,0,0,1,stop,8139,0.2713,
train,40,4,-6.387117385864258,0.10791309922933578,0,1,1,stop,9275,0.30916666666666665,6411
train,40,5,-6.387117385864258,0.10791309922933578,0,1,1,stop,10066,0.33553333333333335,7673
train,40,6,-6.387117385864258,0.10791309922933578,0,1,1,stop,10017,0.3339,7796
train,40,7,-6.387117385864258,0.10791309922933578,0,0,1,stop,7002,0.2334,
train,40,8,-6.387117385864258,0.10791309922933578,0,1,1,stop,7976,0.26586666666666664,5941
train,40,9,-6.387117385864258,0.10791309922933578,0,0,1,stop,7691,0.2563666666666667,
train,41,0,-7.918361186981201,6.431220054626465,1,1,0,length,30000,1.0,206
train,41,1,-7.918361186981201,6.431220054626465,0,0,1,stop,10112,0.3370666666666667,
train,41,2,-7.918361186981201,6.431220054626465,0,1,0,stop,4917,0.1639,3372
train,41,3,-7.918361186981201,6.431220054626465,0,0,1,stop,1929,0.0643,
train,41,4,-7.918361186981201,6.431220054626465,0,0,1,stop,8475,0.2825,
train,41,5,-7.918361186981201,6.431220054626465,0,1,0,stop,3879,0.1293,2668
train,41,6,-7.918361186981201,6.431220054626465,0,0,1,stop,10071,0.3357,
train,41,7,-7.918361186981201,6.431220054626465,0,0,1,stop,3052,0.10173333333333333,
train,41,8,-7.918361186981201,6.431220054626465,1,1,0,length,30000,1.0,200
train,41,9,-7.918361186981201,6.431220054626465,0,0,1,stop,8323,0.2774333333333333,
train,43,0,1.645822286605835,-14.371291160583496,0,1,0,stop,5182,0.17273333333333332,4704
train,43,1,1.645822286605835,-14.371291160583496,0,1,0,stop,4457,0.14856666666666668,3040
train,43,2,1.645822286605835,-14.371291160583496,0,0,0,stop,3780,0.126,
train,43,3,1.645822286605835,-14.371291160583496,0,0,0,stop,1318,0.04393333333333333,
train,43,4,1.645822286605835,-14.371291160583496,0,0,0,stop,3656,0.12186666666666666,
train,43,5,1.645822286605835,-14.371291160583496,0,0,0,stop,2509,0.08363333333333334,
train,43,6,1.645822286605835,-14.371291160583496,0,0,0,stop,2261,0.07536666666666667,
train,43,7,1.645822286605835,-14.371291160583496,0,0,0,stop,2088,0.0696,
train,43,8,1.645822286605835,-14.371291160583496,0,0,0,stop,1323,0.0441,
train,43,9,1.645822286605835,-14.371291160583496,0,0,0,stop,3823,0.12743333333333334,
train,45,0,-1.8325178623199463,0.7340003252029419,0,1,0,stop,6460,0.21533333333333332,3856
train,45,1,-1.8325178623199463,0.7340003252029419,0,0,0,stop,6033,0.2011,
train,45,2,-1.8325178623199463,0.7340003252029419,0,1,0,stop,6759,0.2253,4611
train,45,3,-1.8325178623199463,0.7340003252029419,0,0,0,stop,5558,0.18526666666666666,
train,45,4,-1.8325178623199463,0.7340003252029419,0,1,0,stop,6864,0.2288,4553
train,45,5,-1.8325178623199463,0.7340003252029419,0,1,0,stop,7028,0.23426666666666668,3032
train,45,6,-1.8325178623199463,0.7340003252029419,0,1,0,stop,5841,0.1947,3997
train,45,7,-1.8325178623199463,0.7340003252029419,0,0,0,stop,6724,0.22413333333333332,
train,45,8,-1.8325178623199463,0.7340003252029419,1,1,0,length,30000,1.0,3973
train,45,9,-1.8325178623199463,0.7340003252029419,0,1,0,stop,6430,0.21433333333333332,5855
